Station from (A),Station to (B),Distance (Kms)
HARROW & WEALDSTONE,KENTON,1.74
KENTON,SOUTH KENTON,1.40
SOUTH KENTON,NORTH WEMBLEY,0.90
NORTH WEMBLEY,WEMBLEY CENTRAL,1.27
WEMBLEY CENTRAL,STONEBRIDGE PARK,1.71
STONEBRIDGE PARK,HARLESDEN,1.53
HARLESDEN,WILLESDEN JUNCTION,1.05
WILLESDEN JUNCTION,KENSAL GREEN,1.50
KENSAL GREEN,QUEENS PARK,1.32
QUEENS PARK,KILBURN PARK,0.79
KILBURN PARK,MAIDA VALE,0.88
MAIDA VALE,WARWICK AVENUE,0.79
WARWICK AVENUE,PADDINGTON,0.88
PADDINGTON,EDGWARE ROAD,0.72
EDGWARE ROAD,MARYLEBONE,0.45
MARYLEBONE,BAKER STREET,0.50
BAKER STREET,REGENTS PARK,0.88
REGENTS PARK,OXFORD CIRCUS,0.87
OXFORD CIRCUS,PICCADILLY CIRCUS,0.97
PICCADILLY CIRCUS,CHARING CROSS,0.55
CHARING CROSS,EMBANKMENT,0.37
EMBANKMENT,WATERLOO,0.71
WATERLOO,LAMBETH NORTH,0.63
LAMBETH NORTH,ELEPHANT & CASTLE,0.82
ELEPHANT & CASTLE,LAMBETH NORTH,0.82
LAMBETH NORTH,WATERLOO,0.63
WATERLOO,EMBANKMENT,0.71
EMBANKMENT,CHARING CROSS,0.37
CHARING CROSS,PICCADILLY CIRCUS,0.55
PICCADILLY CIRCUS,OXFORD CIRCUS,0.97
OXFORD CIRCUS,REGENTS PARK,0.87
REGENTS PARK,BAKER STREET,0.88
BAKER STREET,MARYLEBONE,0.50
MARYLEBONE,EDGWARE ROAD,0.45
EDGWARE ROAD,PADDINGTON,0.72
PADDINGTON,WARWICK AVENUE,0.88
WARWICK AVENUE,MAIDA VALE,0.79
MAIDA VALE,KILBURN PARK,0.88
KILBURN PARK,QUEENS PARK,0.79
QUEENS PARK,KENSAL GREEN,1.32
KENSAL GREEN,WILLESDEN JUNCTION,1.50
WILLESDEN JUNCTION,HARLESDEN,1.05
HARLESDEN,STONEBRIDGE PARK,1.53
STONEBRIDGE PARK,WEMBLEY CENTRAL,1.71
WEMBLEY CENTRAL,NORTH WEMBLEY,1.27
NORTH WEMBLEY,SOUTH KENTON,0.90
SOUTH KENTON,KENTON,1.40
KENTON,HARROW & WEALDSTONE,1.74
WEST RUISLIP,RUISLIP GARDENS,2.04
RUISLIP GARDENS,SOUTH RUISLIP,0.86
SOUTH RUISLIP,NORTHOLT,2.28
NORTHOLT,GREENFORD,1.78
GREENFORD,PERIVALE,1.69
PERIVALE,HANGER LANE,2.10
HANGER LANE,NORTH ACTON,2.49
EALING BROADWAY,WEST ACTON,1.53
WEST ACTON,NORTH ACTON,1.77
NORTH ACTON,EAST ACTON,1.11
EAST ACTON,WHITE CITY,2.06
WHITE CITY,SHEPHERDS BUSH,1.16
SHEPHERDS BUSH,HOLLAND PARK,0.87
HOLLAND PARK,NOTTING HILL GATE,0.61
NOTTING HILL GATE,QUEENSWAY,0.69
QUEENSWAY,LANCASTER GATE,0.90
LANCASTER GATE,MARBLE ARCH,1.20
MARBLE ARCH,BOND STREET,0.55
BOND STREET,OXFORD CIRCUS,0.66
OXFORD CIRCUS,TOTTENHAM COURT ROAD,0.58
TOTTENHAM COURT ROAD,HOLBORN,0.88
HOLBORN,CHANCERY LANE,0.40
CHANCERY LANE,ST PAULS,1.03
ST PAULS,BANK,0.74
BANK,LIVERPOOL STREET,0.74
LIVERPOOL STREET,BETHNAL GREEN,2.27
BETHNAL GREEN,MILE END,1.64
MILE END,STRATFORD,2.83
STRATFORD,LEYTON,2.09
LEYTON,LEYTONSTONE,1.62
LEYTONSTONE,WANSTEAD,1.72
WANSTEAD,REDBRIDGE,1.22
REDBRIDGE,GANTS HILL,1.27
GANTS HILL,NEWBURY PARK,2.36
NEWBURY PARK,BARKINGSIDE,1.11
BARKINGSIDE,FAIRLOP,1.22
FAIRLOP,HAINAULT,0.75
LEYTONSTONE,SNARESBROOK,1.57
SNARESBROOK,SOUTH WOODFORD,1.29
SOUTH WOODFORD,WOODFORD,1.80
RODING VALLEY,WOODFORD,1.33
CHIGWELL,RODING VALLEY,2.28
GRANGE HILL,CHIGWELL,1.32
HAINAULT,GRANGE HILL,1.12
WOODFORD,BUCKHURST HILL,2.31
BUCKHURST HILL,LOUGHTON,1.83
LOUGHTON,DEBDEN,2.02
DEBDEN,THEYDON BOIS,3.34
THEYDON BOIS,EPPING,2.54
EPPING,THEYDON BOIS,2.54
THEYDON BOIS,DEBDEN,3.34
DEBDEN,LOUGHTON,2.02
LOUGHTON,BUCKHURST HILL,1.83
BUCKHURST HILL,WOODFORD,2.31
GRANGE HILL,HAINAULT,1.12
CHIGWELL,GRANGE HILL,1.32
RODING VALLEY,CHIGWELL,2.28
WOODFORD,RODING VALLEY,1.33
WOODFORD,SOUTH WOODFORD,1.80
SOUTH WOODFORD,SNARESBROOK,1.29
SNARESBROOK,LEYTONSTONE,1.57
HAINAULT,FAIRLOP,0.75
FAIRLOP,BARKINGSIDE,1.22
BARKINGSIDE,NEWBURY PARK,1.11
NEWBURY PARK,GANTS HILL,2.36
GANTS HILL,REDBRIDGE,1.27
REDBRIDGE,WANSTEAD,1.22
WANSTEAD,LEYTONSTONE,1.72
LEYTONSTONE,LEYTON,1.62
LEYTON,STRATFORD,2.09
STRATFORD,MILE END,2.83
MILE END,BETHNAL GREEN,1.64
BETHNAL GREEN,LIVERPOOL STREET,2.27
LIVERPOOL STREET,BANK,0.74
BANK,ST PAULS,0.74
ST PAULS,CHANCERY LANE,1.03
CHANCERY LANE,HOLBORN,0.40
HOLBORN,TOTTENHAM COURT ROAD,0.88
TOTTENHAM COURT ROAD,OXFORD CIRCUS,0.58
OXFORD CIRCUS,BOND STREET,0.66
BOND STREET,MARBLE ARCH,0.55
MARBLE ARCH,LANCASTER GATE,1.20
LANCASTER GATE,QUEENSWAY,0.90
QUEENSWAY,NOTTING HILL GATE,0.69
NOTTING HILL GATE,HOLLAND PARK,0.61
HOLLAND PARK,SHEPHERDS BUSH,0.87
SHEPHERDS BUSH,WHITE CITY,1.16
WHITE CITY,EAST ACTON,2.06
EAST ACTON,NORTH ACTON,1.11
NORTH ACTON,WEST ACTON,1.77
WEST ACTON,EALING BROADWAY,1.53
NORTH ACTON,HANGER LANE,2.49
HANGER LANE,PERIVALE,2.10
PERIVALE,GREENFORD,1.69
GREENFORD,NORTHOLT,1.78
NORTHOLT,SOUTH RUISLIP,2.28
SOUTH RUISLIP,RUISLIP GARDENS,0.86
RUISLIP GARDENS,WEST RUISLIP,2.04
WALTHAMSTOW,BLACKHORSE ROAD,1.45
BLACKHORSE ROAD,TOTTENHAM HALE,1.37
TOTTENHAM HALE,SEVEN SISTERS,1.05
SEVEN SISTERS,FINSBURY PARK,3.15
FINSBURY PARK,HIGHBURY,1.93
HIGHBURY,KINGS CROSS,2.45
KINGS CROSS,EUSTON,0.74
EUSTON,WARREN STREET,0.76
WARREN STREET,OXFORD CIRCUS,0.90
OXFORD CIRCUS,GREEN PARK,1.14
GREEN PARK,VICTORIA,1.09
VICTORIA,PIMLICO,1.19
PIMLICO,VAUXHALL,0.80
VAUXHALL,STOCKWELL,1.77
STOCKWELL,BRIXTON,1.46
BRIXTON,STOCKWELL,1.46
STOCKWELL,VAUXHALL,1.77
VAUXHALL,PIMLICO,0.80
PIMLICO,VICTORIA,1.19
VICTORIA,GREEN PARK,1.09
GREEN PARK,OXFORD CIRCUS,1.14
OXFORD CIRCUS,WARREN STREET,0.90
WARREN STREET,EUSTON,0.76
EUSTON,KINGS CROSS,0.74
KINGS CROSS,HIGHBURY,2.45
HIGHBURY,FINSBURY PARK,1.93
FINSBURY PARK,SEVEN SISTERS,3.15
SEVEN SISTERS,TOTTENHAM HALE,1.05
TOTTENHAM HALE,BLACKHORSE ROAD,1.37
BLACKHORSE ROAD,WALTHAMSTOW,1.45
WATERLOO,BANK,2.37
BANK,WATERLOO,2.37
STANMORE,CANONS PARK,1.27
CANONS PARK,QUEENSBURY,1.71
QUEENSBURY,KINGSBURY,1.33
KINGSBURY,WEMBLEY PARK,2.85
WEMBLEY PARK,NEASDEN,2.28
NEASDEN,DOLLIS HILL,0.85
DOLLIS HILL,WILLESDEN GREEN,1.21
WILLESDEN GREEN,KILBURN,1.19
KILBURN,WEST HAMPSTEAD,1.09
WEST HAMPSTEAD,FINCHLEY ROAD,0.61
FINCHLEY ROAD,SWISS COTTAGE,0.61
SWISS COTTAGE,ST JOHNS WOOD,0.92
ST JOHNS WOOD,BAKER STREET,2.06
BAKER STREET,BOND STREET,1.66
BOND STREET,GREEN PARK,1.37
GREEN PARK,WESTMINSTER,1.34
WESTMINSTER,WATERLOO,0.96
WATERLOO,SOUTHWARK,0.44
SOUTHWARK,LONDON BRIDGE,1.26
LONDON BRIDGE,BERMONDSEY,1.93
BERMONDSEY,CANADA WATER,1.06
CANADA WATER,CANARY WHARF,2.41
CANARY WHARF,NORTH GREENWICH,1.71
NORTH GREENWICH,CANNING TOWN,1.71
CANNING TOWN,WEST HAM,1.58
WEST HAM,STRATFORD,1.54
STRATFORD,WEST HAM,1.54
WEST HAM,CANNING TOWN,1.58
CANNING TOWN,NORTH GREENWICH,1.71
NORTH GREENWICH,CANARY WHARF,1.71
CANARY WHARF,CANADA WATER,2.41
CANADA WATER,BERMONDSEY,1.06
BERMONDSEY,LONDON BRIDGE,1.93
LONDON BRIDGE,SOUTHWARK,1.26
SOUTHWARK,WATERLOO,0.44
WATERLOO,WESTMINSTER,0.96
WESTMINSTER,GREEN PARK,1.34
GREEN PARK,BOND STREET,1.37
BOND STREET,BAKER STREET,1.66
BAKER STREET,ST JOHNS WOOD,2.06
ST JOHNS WOOD,SWISS COTTAGE,0.92
SWISS COTTAGE,FINCHLEY ROAD,0.61
FINCHLEY ROAD,WEST HAMPSTEAD,0.61
WEST HAMPSTEAD,KILBURN,1.09
KILBURN,WILLESDEN GREEN,1.19
WILLESDEN GREEN,DOLLIS HILL,1.21
DOLLIS HILL,NEASDEN,0.85
NEASDEN,WEMBLEY PARK,2.28
WEMBLEY PARK,KINGSBURY,2.85
KINGSBURY,QUEENSBURY,1.33
QUEENSBURY,CANONS PARK,1.71
CANONS PARK,STANMORE,1.27
EDGWARE,BURNT OAK,1.47
BURNT OAK,COLINDALE,1.31
COLINDALE,HENDON CENTRAL,2.10
HENDON CENTRAL,BRENT CROSS,1.10
BRENT CROSS,GOLDERS GREEN,1.55
GOLDERS GREEN,HAMPSTEAD,2.34
HAMPSTEAD,BELSIZE PARK,1.20
BELSIZE PARK,CHALK FARM,1.10
CHALK FARM,CAMDEN TOWN,0.85
HIGH BARNET,TOTTERIDGE & WHETSTONE,2.46
TOTTERIDGE & WHETSTONE,WOODSIDE PARK,1.50
WOODSIDE PARK,WEST FINCHLEY,0.98
WEST FINCHLEY,FINCHLEY CENTRAL,1.14
MILL HILL EAST,FINCHLEY CENTRAL,1.52
FINCHLEY CENTRAL,EAST FINCHLEY,2.42
EAST FINCHLEY,HIGHGATE,1.63
HIGHGATE,ARCHWAY,1.70
ARCHWAY,TUFNELL PARK,0.88
TUFNELL PARK,KENTISH TOWN,0.80
KENTISH TOWN,CAMDEN TOWN,1.15
CAMDEN TOWN,MORNINGTON CRESCENT,0.64
MORNINGTON CRESCENT,EUSTON (CX),0.82
EUSTON (CX),WARREN STREET,0.58
WARREN STREET,GOODGE STREET,0.46
GOODGE STREET,TOTTENHAM COURT ROAD,0.62
TOTTENHAM COURT ROAD,LEICESTER SQUARE,0.40
LEICESTER SQUARE,CHARING CROSS,0.46
CHARING CROSS,EMBANKMENT,0.27
EMBANKMENT,WATERLOO,0.70
WATERLOO,KENNINGTON (CX),1.89
CAMDEN TOWN,EUSTON (CITY),1.71
EUSTON (CITY),KINGS CROSS,0.61
KINGS CROSS,ANGEL,1.38
ANGEL,OLD STREET,1.44
OLD STREET,MOORGATE,0.69
MOORGATE,BANK,0.82
BANK,LONDON BRIDGE,0.69
LONDON BRIDGE,BOROUGH,0.67
BOROUGH,ELEPHANT & CASTLE,0.85
ELEPHANT & CASTLE,KENNINGTON (CITY),0.90
KENNINGTON,OVAL,0.82
OVAL,STOCKWELL,1.36
STOCKWELL,CLAPHAM NORTH,0.82
CLAPHAM NORTH,CLAPHAM COMMON,0.62
CLAPHAM COMMON,CLAPHAM SOUTH,1.25
CLAPHAM SOUTH,BALHAM,1.15
BALHAM,TOOTING BEC,0.98
TOOTING BEC,TOOTING BROADWAY,1.10
TOOTING BROADWAY,COLLIERS WOOD,1.20
COLLIERS WOOD,SOUTH WIMBLEDON,1.14
SOUTH WIMBLEDON,MORDEN,1.46
MORDEN,SOUTH WIMBLEDON,1.46
SOUTH WIMBLEDON,COLLIERS WOOD,1.14
COLLIERS WOOD,TOOTING BROADWAY,1.20
TOOTING BROADWAY,TOOTING BEC,1.10
TOOTING BEC,BALHAM,0.98
BALHAM,CLAPHAM SOUTH,1.15
CLAPHAM SOUTH,CLAPHAM COMMON,1.25
CLAPHAM COMMON,CLAPHAM NORTH,0.62
CLAPHAM NORTH,STOCKWELL,0.82
STOCKWELL,OVAL,1.36
OVAL,KENNINGTON (CITY),0.82
KENNINGTON (CITY),ELEPHANT & CASTLE,0.90
ELEPHANT & CASTLE,BOROUGH,0.85
BOROUGH,LONDON BRIDGE,0.67
LONDON BRIDGE,BANK,0.69
BANK,MOORGATE,0.82
MOORGATE,OLD STREET,0.69
OLD STREET,ANGEL,1.44
ANGEL,KINGS CROSS,1.38
KINGS CROSS,EUSTON (CITY),0.61
EUSTON (CITY),CAMDEN TOWN,1.71
KENNINGTON (CX),WATERLOO,1.89
WATERLOO,EMBANKMENT,0.70
EMBANKMENT,CHARING CROSS,0.27
CHARING CROSS,LEICESTER SQUARE,0.46
LEICESTER SQUARE,TOTTENHAM COURT ROAD,0.40
TOTTENHAM COURT ROAD,GOODGE STREET,0.62
GOODGE STREET,WARREN STREET,0.46
WARREN STREET,EUSTON (CX),0.58
EUSTON (CX),MORNINGTON CRESCENT,0.82
MORNINGTON CRESCENT,CAMDEN TOWN,0.64
CAMDEN TOWN,KENTISH TOWN,1.15
KENTISH TOWN,TUFNELL PARK,0.80
TUFNELL PARK,ARCHWAY,0.88
ARCHWAY,HIGHGATE,1.70
HIGHGATE,EAST FINCHLEY,1.63
EAST FINCHLEY,FINCHLEY CENTRAL,2.42
FINCHLEY CENTRAL,MILL HILL EAST,1.52
FINCHLEY CENTRAL (HB),WEST FINCHLEY,1.14
WEST FINCHLEY,WOODSIDE PARK,0.98
WOODSIDE PARK,TOTTERIDGE & WHETSTONE,1.50
TOTTERIDGE & WHETSTONE,HIGH BARNET,2.46
CAMDEN TOWN,CHALK FARM,0.85
CHALK FARM,BELSIZE PARK,1.10
BELSIZE PARK,HAMPSTEAD,1.20
HAMPSTEAD,GOLDERS GREEN,2.34
GOLDERS GREEN,BRENT CROSS,1.55
BRENT CROSS,HENDON CENTRAL,1.10
HENDON CENTRAL,COLINDALE,2.10
COLINDALE,BURNT OAK,1.31
BURNT OAK,EDGWARE,1.47
UXBRIDGE,HILLINGDON,2.03
HILLINGDON,ICKENHAM,1.08
ICKENHAM,RUISLIP,1.85
RUISLIP,RUISLIP MANOR,0.72
RUISLIP MANOR,EASTCOTE,1.14
EASTCOTE,RAYNERS LANE,1.72
RAYNERS LANE,SOUTH HARROW,1.89
SOUTH HARROW,SUDBURY HILL,1.36
SUDBURY HILL,SUDBURY TOWN,1.65
SUDBURY TOWN,ALPERTON,1.57
ALPERTON,PARK ROYAL,1.97
PARK ROYAL,NORTH EALING,1.06
NORTH EALING,EALING COMMON,0.94
EALING COMMON,ACTON TOWN,1.03
HEATHROW 123,HATTON CROSS,2.15
HATTON CROSS,HOUNSLOW WEST,2.91
HOUNSLOW WEST,HOUNSLOW CENTRAL,1.46
HOUNSLOW CENTRAL,HOUNSLOW EAST,0.74
HOUNSLOW EAST,OSTERLEY,0.96
OSTERLEY,BOSTON MANOR,2.42
BOSTON MANOR,NORTHFIELDS,0.99
NORTHFIELDS,SOUTH EALING,0.38
SOUTH EALING,ACTON TOWN,2.20
ACTON TOWN,HAMMERSMITH,4.42
HAMMERSMITH,BARONS COURT,0.68
BARONS COURT,EARLS COURT,1.62
EARLS COURT,GLOUCESTER ROAD,0.78
GLOUCESTER ROAD,SOUTH KENSINGTON,0.70
SOUTH KENSINGTON,KNIGHTSBRIDGE,1.22
KNIGHTSBRIDGE,HYDE PARK CORNER,0.51
HYDE PARK CORNER,GREEN PARK,1.06
GREEN PARK,PICCADILLY CIRCUS,0.56
PICCADILLY CIRCUS,LEICESTER SQUARE,0.49
LEICESTER SQUARE,COVENT GARDEN,0.25
COVENT GARDEN,HOLBORN,0.59
HOLBORN,RUSSELL SQUARE,0.72
RUSSELL SQUARE,KINGS CROSS,0.91
KINGS CROSS,CALEDONIAN ROAD,1.96
CALEDONIAN ROAD,HOLLOWAY ROAD,0.59
HOLLOWAY ROAD,ARSENAL,0.74
ARSENAL,FINSBURY PARK,0.69
FINSBURY PARK,MANOR HOUSE,1.04
MANOR HOUSE,TURNPIKE LANE,2.31
TURNPIKE LANE,WOOD GREEN,0.98
WOOD GREEN,BOUNDS GREEN,1.52
BOUNDS GREEN,ARNOS GROVE,1.25
ARNOS GROVE,SOUTHGATE,1.94
SOUTHGATE,OAKWOOD,1.86
OAKWOOD,COCKFOSTERS,1.27
COCKFOSTERS,OAKWOOD,1.27
OAKWOOD,SOUTHGATE,1.86
SOUTHGATE,ARNOS GROVE,1.94
ARNOS GROVE,BOUNDS GREEN,1.25
BOUNDS GREEN,WOOD GREEN,1.52
WOOD GREEN,TURNPIKE LANE,0.98
TURNPIKE LANE,MANOR HOUSE,2.31
MANOR HOUSE,FINSBURY PARK,1.04
FINSBURY PARK,ARSENAL,0.69
ARSENAL,HOLLOWAY ROAD,0.74
HOLLOWAY ROAD,CALEDONIAN ROAD,0.59
CALEDONIAN ROAD,KINGS CROSS,1.96
KINGS CROSS,RUSSELL SQUARE,0.91
RUSSELL SQUARE,HOLBORN,0.72
HOLBORN,COVENT GARDEN,0.59
COVENT GARDEN,LEICESTER SQUARE,0.25
LEICESTER SQUARE,PICCADILLY CIRCUS,0.49
PICCADILLY CIRCUS,GREEN PARK,0.56
GREEN PARK,HYDE PARK CORNER,1.06
HYDE PARK CORNER,KNIGHTSBRIDGE,0.51
KNIGHTSBRIDGE,SOUTH KENSINGTON,1.22
SOUTH KENSINGTON,GLOUCESTER ROAD,0.70
GLOUCESTER ROAD,EARLS COURT,0.78
EARLS COURT,BARONS COURT,1.62
BARONS COURT,HAMMERSMITH,0.68
HAMMERSMITH,ACTON TOWN,4.42
ACTON TOWN,SOUTH EALING,2.20
SOUTH EALING,NORTHFIELDS,0.38
NORTHFIELDS,BOSTON MANOR,0.99
BOSTON MANOR,OSTERLEY,2.42
OSTERLEY,HOUNSLOW EAST,0.96
HOUNSLOW EAST,HOUNSLOW CENTRAL,0.74
HOUNSLOW CENTRAL,HOUNSLOW WEST,1.46
HOUNSLOW WEST,HATTON CROSS,2.91
HATTON CROSS,HEATHROW TERMINAL FOUR,1.83
HEATHROW TERMINAL FOUR,HEATHROW 123,4.31
ACTON TOWN,EALING COMMON,1.03
EALING COMMON,NORTH EALING,0.94
NORTH EALING,PARK ROYAL,1.06
PARK ROYAL,ALPERTON,1.97
ALPERTON,SUDBURY TOWN,1.57
SUDBURY TOWN,SUDBURY HILL,1.65
SUDBURY HILL,SOUTH HARROW,1.36
SOUTH HARROW,RAYNERS LANE,1.89
RAYNERS LANE,EASTCOTE,1.72
EASTCOTE,RUISLIP MANOR,1.14
RUISLIP MANOR,RUISLIP,0.72
RUISLIP,ICKENHAM,1.85
ICKENHAM,HILLINGDON,1.08
HILLINGDON,UXBRIDGE,2.03
ALDGATE,LIVERPOOL STREET,0.61
LIVERPOOL STREET,MOORGATE,0.51
MOORGATE,BARBICAN,0.63
BARBICAN,FARRINGDON,0.51
FARRINGDON,KINGS CROSS ST PANCRAS,1.85
KINGS CROSS ST PANCRAS,EUSTON SQUARE,0.85
EUSTON SQUARE,GREAT PORTLAND STREET,0.61
GREAT PORTLAND STREET,BAKER STREET (MET),0.92
BAKER STREET (MET),FINCHLEY ROAD,3.38
FINCHLEY ROAD,WEMBLEY PARK,7.24
WEMBLEY PARK,PRESTON ROAD,1.46
PRESTON ROAD,NORTHWICK PARK,1.64
NORTHWICK PARK,HARROW-ON-THE-HILL,1.29
FINCHLEY ROAD,HARROW-ON-THE-HILL,11.63
HARROW-ON-THE-HILL,WEST HARROW,1.26
WEST HARROW,RAYNERS LANE,1.38
RAYNERS LANE,EASTCOTE,1.72
EASTCOTE,RUISLIP MANOR,1.14
RUISLIP MANOR,RUISLIP,0.72
RUISLIP,ICKENHAM,1.85
ICKENHAM,HILLINGDON,1.08
HILLINGDON,UXBRIDGE,2.03
HARROW-ON-THE-HILL,NORTH HARROW,2.00
NORTH HARROW,PINNER,1.48
PINNER,NORTHWOOD HILLS,2.08
NORTHWOOD HILLS,NORTHWOOD,1.61
NORTHWOOD,MOOR PARK,2.22
HARROW-ON-THE-HILL,MOOR PARK,9.39
MOOR PARK,CROXLEY,2.94
CROXLEY,WATFORD,1.90
MOOR PARK,RICKMANSWORTH,3.49
RICKMANSWORTH,CHORLEYWOOD,3.38
CHORLEYWOOD,CHALFONT & LATIMER,3.43
CHALFONT & LATIMER,CHESHAM,6.19
CHALFONT & LATIMER,AMERSHAM,3.27
AMERSHAM,CHALFONT & LATIMER,3.27
CHESHAM,CHALFONT & LATIMER,6.19
CHALFONT & LATIMER,CHORLEYWOOD,3.43
CHORLEYWOOD,RICKMANSWORTH,3.38
RICKMANSWORTH,MOOR PARK,3.49
WATFORD,CROXLEY,1.90
CROXLEY,MOOR PARK,2.94
MOOR PARK,NORTHWOOD,2.22
NORTHWOOD,NORTHWOOD HILLS,1.61
NORTHWOOD HILLS,PINNER,2.08
PINNER,NORTH HARROW,1.48
NORTH HARROW,HARROW-ON-THE-HILL,2.00
MOOR PARK,HARROW-ON-THE-HILL,9.39
UXBRIDGE,HILLINGDON,2.03
HILLINGDON,ICKENHAM,1.08
ICKENHAM,RUISLIP,1.85
RUISLIP,RUISLIP MANOR,0.72
RUISLIP MANOR,EASTCOTE,1.14
EASTCOTE,RAYNERS LANE,1.72
RAYNERS LANE,WEST HARROW,1.38
WEST HARROW,HARROW-ON-THE-HILL,1.26
HARROW-ON-THE-HILL,FINCHLEY ROAD,11.63
HARROW-ON-THE-HILL,NORTHWICK PARK,1.29
NORTHWICK PARK,PRESTON ROAD,1.64
PRESTON ROAD,WEMBLEY PARK,1.46
WEMBLEY PARK,FINCHLEY ROAD,7.24
FINCHLEY ROAD,BAKER STREET (METROPOLITAN),3.38
BAKER STREET (METROPOLITAN),GREAT PORTLAND STREET,0.92
GREAT PORTLAND STREET,EUSTON SQUARE,0.61
EUSTON SQUARE,KINGS CROSS ST PANCRAS,0.85
KINGS CROSS ST PANCRAS,FARRINGDON,1.85
FARRINGDON,BARBICAN,0.51
BARBICAN,MOORGATE,0.63
MOORGATE,LIVERPOOL STREET,0.51
LIVERPOOL STREET,ALDGATE,0.61
HAMMERSMITH (H&C),GOLDHAWK ROAD,0.82
GOLDHAWK ROAD,SHEPHERDS BUSH,0.51
SHEPHERDS BUSH,LATIMER ROAD,1.01
LATIMER ROAD,LADBROKE GROVE,0.66
LADBROKE GROVE,WESTBOURNE PARK,0.79
WESTBOURNE PARK,ROYAL OAK,0.98
ROYAL OAK,PADDINGTON (H&C),0.64
PADDINGTON (H&C),EDGWARE ROAD,0.93
EDGWARE ROAD,BAKER STREET,0.72
BAKER STREET,GREAT PORTLAND STREET,0.92
GREAT PORTLAND STREET,EUSTON SQUARE,0.61
EUSTON SQUARE,KINGS CROSS ST PANCRAS,0.85
KINGS CROSS ST PANCRAS,FARRINGDON,1.85
FARRINGDON,BARBICAN,0.51
BARBICAN,MOORGATE,0.64
MOORGATE,LIVERPOOL STREET,0.51
LIVERPOOL STREET,ALDGATE EAST,0.92
ALDGATE EAST,WHITECHAPEL,0.82
WHITECHAPEL,STEPNEY GREEN,1.00
STEPNEY GREEN,MILE END,1.05
MILE END,BOW ROAD,0.55
BOW ROAD,BROMLEY BY BOW,1.01
BROMLEY BY BOW,WEST HAM,1.37
WEST HAM,PLAISTOW,0.76
PLAISTOW,UPTON PARK,1.29
UPTON PARK,EAST HAM,1.40
EAST HAM,BARKING,2.29
BARKING,EAST HAM,2.29
EAST HAM,UPTON PARK,1.40
UPTON PARK,PLAISTOW,1.29
PLAISTOW,WEST HAM,0.76
WEST HAM,BROMLEY BY BOW,1.37
BROMLEY BY BOW,BOW ROAD,1.01
BOW ROAD,MILE END,0.55
MILE END,STEPNEY GREEN,1.05
STEPNEY GREEN,WHITECHAPEL,1.00
WHITECHAPEL,ALDGATE EAST,0.82
ALDGATE EAST,LIVERPOOL STREET,0.92
LIVERPOOL STREET,MOORGATE,0.51
MOORGATE,BARBICAN,0.64
BARBICAN,FARRINGDON,0.51
FARRINGDON,KINGS CROSS ST PANCRAS,1.85
KINGS CROSS ST PANCRAS,EUSTON SQUARE,0.85
EUSTON SQUARE,GREAT PORTLAND STREET,0.61
GREAT PORTLAND STREET,BAKER STREET,0.92
BAKER STREET,EDGWARE ROAD,0.72
EDGWARE ROAD,PADDINGTON (H&C),0.93
PADDINGTON (H&C),ROYAL OAK,0.64
ROYAL OAK,WESTBOURNE PARK,0.98
WESTBOURNE PARK,LADBROKE GROVE,0.79
LADBROKE GROVE,LATIMER ROAD,0.66
LATIMER ROAD,SHEPHERDS BUSH,1.01
SHEPHERDS BUSH,GOLDHAWK ROAD,0.51
GOLDHAWK ROAD,HAMMERSMITH (H&C),0.82
EDGWARE ROAD,PADDINGTON (CIRCLE),0.82
PADDINGTON (CIRCLE),BAYSWATER,0.98
BAYSWATER,NOTTING HILL GATE,0.79
NOTTING HILL GATE,HIGH STREET KENSINGTON,0.93
HIGH STREET KENSINGTON,GLOUCESTER ROAD,0.93
GLOUCESTER ROAD,SOUTH KENSINGTON,0.74
SOUTH KENSINGTON,SLOANE SQUARE,1.22
SLOANE SQUARE,VICTORIA,1.05
VICTORIA,ST JAMES PARK,0.72
ST JAMES PARK,WESTMINSTER,0.76
WESTMINSTER,EMBANKMENT,0.69
EMBANKMENT,TEMPLE,0.71
TEMPLE,BLACKFRIARS,0.76
BLACKFRIARS,MANSION HOUSE,0.61
MANSION HOUSE,CANNON STREET,0.31
CANNON STREET,MONUMENT,0.34
MONUMENT,TOWER HILL,0.68
TOWER HILL,ALDGATE,0.50
ALDGATE,LIVERPOOL STREET,0.61
LIVERPOOL STREET,MOORGATE,0.51
MOORGATE,BARBICAN,0.64
BARBICAN,FARRINGDON,0.51
FARRINGDON,KINGS CROSS ST PANCRAS,1.85
KINGS CROSS ST PANCRAS,EUSTON SQUARE,0.85
EUSTON SQUARE,GREAT PORTLAND STREET,0.61
GREAT PORTLAND STREET,BAKER STREET (CIRCLE),0.92
BAKER STREET,EDGWARE ROAD,0.72
EDGWARE ROAD,BAKER STREET,0.72
BAKER STREET,GREAT PORTLAND STREET,0.92
GREAT PORTLAND STREET,EUSTON SQUARE,0.61
EUSTON SQUARE,KINGS CROSS ST PANCRAS,0.85
KINGS CROSS ST PANCRAS,FARRINGDON,1.85
FARRINGDON,BARBICAN,0.51
BARBICAN,MOORGATE,0.64
MOORGATE,LIVERPOOL STREET,0.51
LIVERPOOL STREET,ALDGATE,0.61
ALDGATE,TOWER HILL,0.50
TOWER HILL,MONUMENT,0.68
MONUMENT,CANNON STREET,0.34
CANNON STREET,MANSION HOUSE,0.31
MANSION HOUSE,BLACKFRIARS,0.61
BLACKFRIARS,TEMPLE,0.76
TEMPLE,EMBANKMENT,0.71
EMBANKMENT,WESTMINSTER,0.69
WESTMINSTER,ST JAMES PARK,0.76
ST JAMES PARK,VICTORIA,0.72
VICTORIA,SLOANE SQUARE,1.05
SLOANE SQUARE,SOUTH KENSINGTON,1.22
SOUTH KENSINGTON,GLOUCESTER ROAD,0.74
GLOUCESTER ROAD,HIGH STREET KENSINGTON,0.93
HIGH STREET KENSINGTON,NOTTING HILL GATE,0.93
NOTTING HILL GATE,BAYSWATER,0.79
BAYSWATER,PADDINGTON (CIRCLE),0.98
PADDINGTON (CIRCLE),EDGWARE ROAD,0.82
UPMINSTER,UPMINSTER BRIDGE,1.24
UPMINSTER BRIDGE,HORNCHURCH,1.26
HORNCHURCH,ELM PARK,1.50
ELM PARK,DAGENHAM EAST,2.37
DAGENHAM EAST,DAGENHAM HEATHWAY,1.35
DAGENHAM HEATHWAY,BECONTREE,1.37
BECONTREE,UPNEY,1.87
UPNEY,BARKING,1.38
BARKING,EAST HAM,2.29
EAST HAM,UPTON PARK,1.40
UPTON PARK,PLAISTOW,1.29
PLAISTOW,WEST HAM,0.76
WEST HAM,BROMLEY BY BOW,1.37
BROMLEY BY BOW,BOW ROAD,1.01
BOW ROAD,MILE END,0.55
MILE END,STEPNEY GREEN,1.05
STEPNEY GREEN,WHITECHAPEL,1.00
WHITECHAPEL,ALDGATE EAST,0.82
ALDGATE EAST,TOWER HILL,0.80
TOWER HILL,MONUMENT,0.68
MONUMENT,CANNON STREET,0.34
CANNON STREET,MANSION HOUSE,0.31
MANSION HOUSE,BLACKFRIARS,0.61
BLACKFRIARS,TEMPLE,0.76
TEMPLE,EMBANKMENT,0.71
EMBANKMENT,WESTMINSTER,0.69
WESTMINSTER,ST JAMES PARK,0.76
ST JAMES PARK,VICTORIA,0.72
VICTORIA,SLOANE SQUARE,1.05
SLOANE SQUARE,SOUTH KENSINGTON,1.22
SOUTH KENSINGTON,GLOUCESTER ROAD,0.74
GLOUCESTER ROAD,EARLS COURT,0.93
EDGWARE ROAD,PADDINGTON (CIRCLE),0.82
PADDINGTON (CIRCLE),BAYSWATER,0.98
BAYSWATER,NOTTING HILL GATE,0.79
NOTTING HILL GATE,HIGH STREET KENSINGTON,0.93
HIGH STREET KENSINGTON,EARLS COURT,1.26
EARLS COURT,KENSINGTON (OLYMPIA),1.54
EARLS COURT,WEST BROMPTON,0.60
WEST BROMPTON,FULHAM BROADWAY,0.84
FULHAM BROADWAY,PARSONS GREEN,0.79
PARSONS GREEN,PUTNEY BRIDGE,0.95
PUTNEY BRIDGE,EAST PUTNEY,1.11
EAST PUTNEY,SOUTHFIELDS,1.53
SOUTHFIELDS,WIMBLEDON PARK,1.45
WIMBLEDON PARK,WIMBLEDON,1.50
EARLS COURT,WEST KENSINGTON,0.90
WEST KENSINGTON,BARONS COURT,0.64
BARONS COURT,HAMMERSMITH (DISTRICT),0.68
HAMMERSMITH (DISTRICT),RAVENSCOURT PARK,0.93
RAVENSCOURT PARK,STAMFORD BROOK,0.77
STAMFORD BROOK,TURNHAM GREEN,0.55
TURNHAM GREEN,CHISWICK PARK,0.95
CHISWICK PARK,ACTON TOWN,1.22
ACTON TOWN,EALING COMMON,1.03
EALING COMMON,EALING BROADWAY,1.50
TURNHAM GREEN,GUNNERSBURY,1.59
GUNNERSBURY,KEW GARDENS,1.71
KEW GARDENS,RICHMOND,2.14
EALING BROADWAY,EALING COMMON,1.50
EALING COMMON,ACTON TOWN,1.03
ACTON TOWN,CHISWICK PARK,1.22
CHISWICK PARK,TURNHAM GREEN,0.95
TURNHAM GREEN,STAMFORD BROOK,0.55
STAMFORD BROOK,RAVENSCOURT PARK,0.77
RAVENSCOURT PARK,HAMMERSMITH (DISTRICT),0.93
HAMMERSMITH (DISTRICT),BARONS COURT,0.68
BARONS COURT,WEST KENSINGTON,0.64
WEST KENSINGTON,EARLS COURT,0.90
RICHMOND,KEW GARDENS,2.14
KEW GARDENS,GUNNERSBURY,1.71
GUNNERSBURY,TURNHAM GREEN,1.59
WIMBLEDON,WIMBLEDON PARK,1.50
WIMBLEDON PARK,SOUTHFIELDS,1.45
SOUTHFIELDS,EAST PUTNEY,1.53
EAST PUTNEY,PUTNEY BRIDGE,1.11
PUTNEY BRIDGE,PARSONS GREEN,0.95
PARSONS GREEN,FULHAM BROADWAY,0.79
FULHAM BROADWAY,WEST BROMPTON,0.84
WEST BROMPTON,EARLS COURT,0.60
KENSINGTON (OLYMPIA),EARLS COURT,1.54
EARLS COURT,HIGH STREET KENSINGTON,1.26
HIGH STREET KENSINGTON,NOTTING HILL GATE,0.93
NOTTING HILL GATE,BAYSWATER,0.79
BAYSWATER,PADDINGTON (Dis),0.98
PADDINGTON (Dis),EDGWARE ROAD,0.82
EARLS COURT,GLOUCESTER ROAD,0.93
GLOUCESTER ROAD,SOUTH KENSINGTON,0.74
SOUTH KENSINGTON,SLOANE SQUARE,1.22
SLOANE SQUARE,VICTORIA,1.05
VICTORIA,ST JAMES PARK,0.72
ST JAMES PARK,WESTMINSTER,0.76
WESTMINSTER,EMBANKMENT,0.69
EMBANKMENT,TEMPLE,0.71
TEMPLE,BLACKFRIARS,0.76
BLACKFRIARS,MANSION HOUSE,0.61
MANSION HOUSE,CANNON STREET,0.31
CANNON STREET,MONUMENT,0.34
MONUMENT,TOWER HILL,0.68
TOWER HILL,ALDGATE EAST,0.80
ALDGATE EAST,WHITECHAPEL,0.82
WHITECHAPEL,STEPNEY GREEN,1.00
STEPNEY GREEN,MILE END,1.05
MILE END,BOW ROAD,0.55
BOW ROAD,BROMLEY BY BOW,1.01
BROMLEY BY BOW,WEST HAM,1.37
WEST HAM,PLAISTOW,0.76
PLAISTOW,UPTON PARK,1.29
UPTON PARK,EAST HAM,1.40
EAST HAM,BARKING,2.29
BARKING,UPNEY,1.38
UPNEY,BECONTREE,1.87
BECONTREE,DAGENHAM HEATHWAY,1.37
DAGENHAM HEATHWAY,DAGENHAM EAST,1.35
DAGENHAM EAST,ELM PARK,2.37
ELM PARK,HORNCHURCH,1.50
HORNCHURCH,UPMINSTER BRIDGE,1.26
UPMINSTER BRIDGE,UPMINSTER,1.24
NEW CROSS,SURREY QUAYS,2.27
NEW CROSS GATE,SURREY QUAYS,2.04
SURREY QUAYS,CANADA WATER,0.55
CANADA WATER,ROTHERHITHE,0.32
ROTHERHITHE,WAPPING,0.51
WAPPING,SHADWELL,0.77
SHADWELL,WHITECHAPEL,0.98
WHITECHAPEL,SHOREDITCH,0.72
SHOREDITCH,WHITECHAPEL,0.72
WHITECHAPEL,SHADWELL,0.98
SHADWELL,WAPPING,0.77
WAPPING,ROTHERHITHE,0.51
ROTHERHITHE,CANADA WATER,0.32
CANADA WATER,SURREY QUAYS,0.55
SURREY QUAYS,NEW CROSS,2.27
SURREY QUAYS,NEW CROSS GATE,2.04
